{
    "version": 2,
    "builds": [
        {
            "src": "index.js",
            "use": "@vercel/node"
        }
    ],
    "routes": [
        {
            "src": "/(.*)",
            "dest": "index.js",
            "methods":["GET","POST","PUT","DELETE","PATCH","OPTIONS"],
            "headers":{
                "Access-Control-Allow-Origin": "*",
                "Access-Control-Allow-Methods": "GET,POST,PUT,DELETE,PATCH,OPTIONS",
                "Access-Control-Allow-Headers": "*"
            }
        }
    ]
}